Greenhouse gas;Formula;Lifetime;Unit;RE (W m-2 ppb-1);AGWP20 (W m-2 yr kg-1);GWP20;AGWP 100(W m-2 yr kg-1);GWP100;Lifetime(years);mass to ppb factor (ppb/kg) (based on AGWP20);mass to ppb factor (ppb/kg) (based on AGWP100);Best estimate (mass to ppb)
Carbon dioxide;CO2;Infinite;-;0.0000137;2.49E-14;1;9.17E-14;1;;;;
Methane;CH4;12.4;years;0.000363;2.09E-12;84;2.61E-12;28;12.4;5.79899E-10;5.80028E-10;5.79964E-10
Fossil methane;CH4;12.4;years;0.000363;2.11E-12;85;2.73E-12;30;12.4;5.85449E-10;6.06696E-10;5.96072E-10
Nitrous oxide;N2O;121;years;0.003;6.58E-12;264;2.43E-11;265;121;1.1898E-10;1.1903E-10;1.19005E-10
Chlorofluorocarbons;;;;;;;;;;;;
CFC-11;CCl3F;45;years;0.26;1.72E-10;6900;4.28E-10;4660;45;4.097E-11;4.10272E-11;4.09986E-11
CFC-12;CCl2F2;100;years;0.32;2.69E-10;10800;9.39E-10;10200;100;4.63744E-11;4.64211E-11;4.63978E-11
CFC-13;CClF3;640;years;0.25;2.71E-10;10900;1.27E-09;13900;640;5.50513E-11;5.48721E-11;5.49617E-11
CFC-113;CCl2FCClF2;85;years;0.3;1.62E-10;6490;5.34E-10;5820;85;3.03009E-11;3.02778E-11;3.02894E-11
CFC-114;CClF2CClF2;190;years;0.31;1.92E-10;7710;7.88E-10;8590;190;3.26262E-11;3.26927E-11;3.26595E-11
CFC-115;CClF2CF3;1020;years;0.2;1.46E-10;5860;7.03E-10;7670;1020;3.6859E-11;3.69012E-11;3.68801E-11
Hydrochlorofluorocarbons;;;;;;;;;;;;
HCFC-21;CHCl2F;1.7;years;0.15;1.35E-11;543;1.35E-11;148;1.7;5.29416E-11;5.29412E-11;5.29414E-11
HCFC-22;CHClF2;11.9;years;0.21;1.32E-10;5280;1.62E-10;1760;11.9;6.49107E-11;6.48405E-11;6.48756E-11
HCFC-122;CHCl2CF2Cl;1;years;0.17;5.43E-12;218;5.43E-12;59;1;3.19412E-11;3.19412E-11;3.19412E-11
HCFC-122a;CHFClCFCl2;3.4;years;0.21;2.36E-11;945;2.37E-11;258;3.4;3.31456E-11;3.31933E-11;3.31695E-11
HCFC-123;CHCl2CF3;1.3;years;0.15;7.28E-12;292;7.28E-12;79;1.3;3.73333E-11;3.73333E-11;3.73333E-11
HCFC-123a;CHClFCF2Cl;4;years;0.23;3.37E-11;1350;3.39E-11;370;4;3.68789E-11;3.68478E-11;3.68634E-11
HCFC-124;CHClFCF3;5.9;years;0.2;4.67E-11;1870;4.83E-11;527;5.9;4.09571E-11;4.09322E-11;4.09447E-11
HCFC-132c;CH2FCFCl2;4.3;years;0.17;3.07E-11;1230;3.1E-11;338;4.3;4.24022E-11;4.24077E-11;4.24049E-11
HCFC-141b;CH3CCl2F;9.2;years;0.16;6.36E-11;2550;7.17E-11;782;9.2;4.87511E-11;4.87102E-11;4.87306E-11
HCFC-142b;CH3CClF2;17.2;years;0.19;1.25E-10;5020;1.82E-10;1980;17.2;5.5645E-11;5.58583E-11;5.57517E-11
HCFC-225ca;CHCl2CF2CF3;1.9;years;0.22;1.17E-11;469;1.17E-11;127;1.9;2.79912E-11;2.79904E-11;2.79908E-11
HCFC-225cb;CHClFCF2CClF2;5.9;years;0.29;4.65E-11;1860;4.81E-11;525;5.9;2.81253E-11;2.81122E-11;2.81188E-11
(E)-1-Chloro-3,3,3-trifluoroprop-1-ene;trans-CF3CH=CHCl;26;days;0.04;1.37E-13;5;1.37E-13;1;0.071232877;4.80817E-11;4.80817E-11;4.80817E-11
Hydrofluorocarbons;;;;;;;;;;;;
HFC-23;CHF3;222;years;0.18;2.7E-10;10800;1.14E-09;12400;222;7.84291E-11;7.86649E-11;7.8547E-11
HFC-32;CH2F2;5.2;years;0.11;6.07E-11;2430;6.21E-11;677;5.2;1.08435E-10;1.08566E-10;1.08501E-10
HFC-41;CH3F;2.8;years;0.02;1.07E-11;427;1.07E-11;116;2.8;1.91223E-10;1.91071E-10;1.91147E-10
HFC-125;CHF2CF3;28.2;years;0.23;1.52E-10;6090;2.91E-10;3170;28.2;4.61346E-11;4.61981E-11;4.61663E-11
HFC-134;CHF2CHF2;9.7;years;0.19;8.93E-11;3580;1.02E-10;1120;9.7;5.55163E-11;5.53464E-11;5.54313E-11
HFC-134a;CH2FCF3;13.4;years;0.16;9.26E-11;3710;1.19E-10;1300;13.4;5.57151E-11;5.55356E-11;5.56254E-11
HFC-143;CH2FCHF2;3.5;years;0.13;3E-11;1200;3.01E-11;328;3.5;6.61523E-11;6.61538E-11;6.61531E-11
HFC-143a;CH3CF3;47.1;years;0.16;1.73E-10;6940;4.41E-10;4800;47.1;6.63506E-11;6.64729E-11;6.64118E-11
HFC-152;CH2FCH2F;0.4;years;0.04;1.51E-12;60;1.51E-12;16;0.4;9.4375E-11;9.4375E-11;9.4375E-11
HFC-152a;CH3CHF2;1.5;years;0.1;1.26E-11;506;1.26E-11;138;1.5;8.40001E-11;8.4E-11;8.40001E-11
HFC-161;CH3CH2F;66;days;0.02;3.33E-13;13;3.33E-13;4;0.180821918;9.20795E-11;9.20795E-11;9.20795E-11
HFC-227ca;CF3CF2CHF2;28.2;years;0.27;1.27E-10;5080;2.42E-10;2640;28.2;3.28361E-11;3.27273E-11;3.27817E-11
HFC-227ea;CF3CHFCF3;38.9;years;0.26;1.34E-10;5360;3.07E-10;3350;38.9;3.29589E-11;3.28678E-11;3.29133E-11
HFC-236cb;CH2FCF2CF3;13.1;years;0.23;8.67E-11;3480;1.11E-10;1210;13.1;3.67617E-11;3.68582E-11;3.68099E-11
HFC-236ea;CHF2CHFCF3;11;years;0.3;1.03E-10;4110;1.22E-10;1330;11;3.72602E-11;3.69739E-11;3.7117E-11
HFC-236fa;CF3CH2CF3;242;years;0.24;1.73E-10;6940;7.39E-10;8060;242;3.75515E-11;3.75905E-11;3.7571E-11
HFC-245ca;CH2FCF2CHF2;6.5;years;0.24;6.26E-11;2510;6.56E-11;716;6.5;4.20676E-11;4.20513E-11;4.20594E-11
HFC-245cb;CF3CF2CH3;47.1;years;0.24;1.67E-10;6680;4.24E-10;4620;47.1;4.26996E-11;4.2607E-11;4.26533E-11
HFC-245ea;CHF2CHFCHF2;3.2;years;0.16;2.15E-11;863;2.16E-11;235;3.2;4.20734E-11;4.21875E-11;4.21305E-11
HFC-245eb;CH2FCHFCF3;3.1;years;0.2;2.66E-11;1070;2.66E-11;290;3.1;4.2971E-11;4.29032E-11;4.29371E-11
HFC-245fa;CHF2CH2CF3;7.7;years;0.24;7.29E-11;2920;7.87E-11;858;7.7;4.2622E-11;4.25867E-11;4.26043E-11
HFC-263fb;CH3CH2CF3;1.2;years;0.1;6.93E-12;278;6.93E-12;76;1.2;5.775E-11;5.775E-11;5.775E-11
HFC-272ca;CH3CF2CH3;2.6;years;0.07;1.32E-11;530;1.32E-11;144;2.6;7.25606E-11;7.25275E-11;7.2544E-11
HFC-329p;CHF2CF2CF2CF3;28.4;years;0.31;1.13E-10;4510;2.16E-10;2360;28.4;2.53904E-11;2.52818E-11;2.53361E-11
HFC-365mfc;CH3CF2CH2CF3;8.7;years;0.22;6.64E-11;2660;7.38E-11;804;8.7;3.85624E-11;3.85584E-11;3.85604E-11
HFC-43-10mee;CF3CHFCHFCF2CF3;16.1;years;0.42;1.08E-10;4310;1.51E-10;1650;16.1;2.24553E-11;2.23756E-11;2.24154E-11
HFC-1132a;CH2=CF2;4;days;0.004;3.87E-15;0;3.87E-15;0;0.010958904;8.82844E-11;8.82844E-11;8.82844E-11
HFC-1141;CH2=CHF;2.1;days;0.002;1.54E-15;0;1.54E-15;0;0.005753425;1.33833E-10;1.33833E-10;1.33833E-10
(Z)-HFC-1225ye;CF3CF=CHF(Z);8.5;days;0.02;2.14E-14;1;2.14E-14;0;0.023287671;4.59471E-11;4.59471E-11;4.59471E-11
(E)-HFC-1225ye;CF3CF=CHF(E);4.9;days;0.01;7.25E-15;0;7.25E-15;0;0.013424658;5.40051E-11;5.40051E-11;5.40051E-11
(Z)-HFC-1234ze;CF3CH=CHF(Z);10;days;0.02;2.61E-14;1;2.61E-14;0;0.02739726;4.76325E-11;4.76325E-11;4.76325E-11
HFC-1234yf;CF3CF=CH2;10.5;days;0.02;3.22E-14;1;3.22E-14;0;0.028767123;5.59667E-11;5.59667E-11;5.59667E-11
(E)-HFC-1234ze;trans-CF3CH=CHF;16.4;days;0.04;8.74E-14;4;8.74E-14;1;0.044931507;4.86296E-11;4.86296E-11;4.86296E-11
(Z)-HFC-1336;CF3CH=CHCF3(Z);22;days;0.07;1.54E-13;6;1.54E-13;2;0.060273973;3.65E-11;3.65E-11;3.65E-11
HFC-1243zf;CF3CH=CH2;7;days;0.01;1.37E-14;1;1.37E-14;0;0.019178082;7.14357E-11;7.14357E-11;7.14357E-11
HFC-1345zfc;C2F5CH=CH2;7.6;days;0.01;1.15E-14;0;1.15E-14;0;0.020821918;5.52303E-11;5.52303E-11;5.52303E-11
3,3,4,4,5,5,6,6,6-Nonafluorohex-1-ene;C4F9CH=CH2;7.6;days;0.03;1.25E-14;0;1.25E-14;0;0.020821918;2.0011E-11;2.0011E-11;2.0011E-11
3,3,4,4,5,5,6,6,7,7,8,8,8-Tridecafluorooct-1-ene;C6F13CH=CH2;7.6;days;0.03;9.89E-15;0;9.89E-15;0;0.020821918;1.58327E-11;1.58327E-11;1.58327E-11
3,3,4,4,5,5,6,6,7,7,8,8,9,9,10,10,10-Heptadecafluorodec-1-ene;C8F17CH=CH2;7.6;days;0.03;8.52E-15;0;8.52E-15;0;0.020821918;1.36395E-11;1.36395E-11;1.36395E-11
Chlorocarbons and hydrochlorocarbons;;;;;;;;;;;;
Methyl chloroform;CH3CCl3;5;years;0.07;1.44E-11;578;1.47E-11;160;5;4.19105E-11;4.2E-11;4.19552E-11
Carbon tetrachloride;CCl4;26;years;0.17;8.69E-11;3480;1.59E-10;1730;26;3.66372E-11;3.67581E-11;3.66976E-11
Methyl chloride;CH3Cl;1;years;0.01;1.12E-12;45;1.12E-12;12;1;1.12E-10;1.12E-10;1.12E-10
Methylene chloride;CH2Cl2;0.4;years;0.03;8.18E-13;33;8.18E-13;9;0.4;6.81667E-11;6.81667E-11;6.81667E-11
Chloroform;CHCl3;0.4;years;0.08;1.5E-12;60;1.5E-12;16;0.4;4.6875E-11;4.6875E-11;4.6875E-11
1,2-Dichloroethane;CH2ClCH2Cl;65;days;0.01;8.24E-14;3;8.24E-14;1;0.178082192;4.62708E-11;4.62708E-11;4.62708E-11
Bromocarbons, hyrdobromocarbons and Halons;;;;;;;;;;;;
Methyl bromide;CH3Br;0.8;years;0.004;2.16E-13;9;2.16E-13;2;0.8;6.75E-11;6.75E-11;6.75E-11
Methylene bromide;CH2Br2;0.3;years;0.01;9.31E-14;4;9.31E-14;1;0.3;3.10333E-11;3.10333E-11;3.10333E-11
Halon-1201;CHBrF2;5.2;years;0.15;3.37E-11;1350;3.45E-11;376;5.2;4.41482E-11;4.42308E-11;4.41895E-11
Halon-1202;CBr2F2;2.9;years;0.27;2.12E-11;848;2.12E-11;231;2.9;2.71028E-11;2.70754E-11;2.70891E-11
Halon-1211;CBrClF2;16;years;0.29;1.15E-10;4590;1.6E-10;1750;16;3.47367E-11;3.45495E-11;3.46431E-11
Halon-1301;CBrF3;65;years;0.3;1.95E-10;7800;5.77E-10;6290;65;3.7756E-11;3.76801E-11;3.7718E-11
Halon-2301;CH2BrCF3;3.4;years;0.14;1.59E-11;635;1.59E-11;173;3.4;3.34968E-11;3.34034E-11;3.34501E-11
Halon-2311/Halothane;CHBrClCF3;1;years;0.13;3.77E-12;151;3.77E-12;41;1;2.9E-11;2.9E-11;2.9E-11
Halon-2401;CHFBrCF3;2.9;years;0.19;1.68E-11;674;1.68E-11;184;2.9;3.05209E-11;3.049E-11;3.05055E-11
Halon-2402;CBrF2CBrF2;20;years;0.31;8.59E-11;3440;1.35E-10;1470;20;2.1918E-11;2.19219E-11;2.192E-11
Fully Fluorinated Species;;;;;;;;;;;;
Nitrogen trifluoride;NF3;500;years;0.2;3.19E-10;12800;1.47E-09;16100;500;8.13556E-11;8.10948E-11;8.12252E-11
Sulphur hexafluoride;SF6;3200;years;0.57;4.37E-10;17500;2.16E-09;23500;3200;3.84532E-11;3.84899E-11;3.84716E-11
(Trifluoromethyl)sulfur pentafluoride;SF5CF3;800;years;0.59;3.36E-10;13500;1.6E-09;17400;800;2.8832E-11;2.88489E-11;2.88404E-11
Sulfuryl fluoride;SO2F2;36;years;0.2;1.71E-10;6840;3.76E-10;4090;36;5.57189E-11;5.56845E-11;5.57017E-11
PFC-14;CF4;50000;years;0.09;1.22E-10;4880;6.08E-10;6630;50000;6.77913E-11;6.76231E-11;6.77072E-11
PFC-116;C2F6;10000;years;0.25;2.05E-10;8210;1.02E-09;11100;10000;4.1041E-11;4.10043E-11;4.10227E-11
PFC-c216;c-C3F6;3000;years;0.23;1.71E-10;6850;8.44E-10;9200;3000;3.7298E-11;3.73106E-11;3.73043E-11
PFC-218;C3F8;2600;years;0.28;1.66E-10;6640;8.16E-10;8900;2600;2.9757E-11;2.97069E-11;2.9732E-11
PFC-318;c-C4F8;3200;years;0.32;1.77E-10;7110;8.75E-10;9540;3200;2.77428E-11;2.77732E-11;2.7758E-11
PFC-31-10;C4F10;2600;years;0.36;1.71E-10;6870;8.44E-10;9200;2600;2.38415E-11;2.38982E-11;2.38698E-11
Perfluorocyclopentene;c-C5F8;31;days;0.08;1.71E-13;7;1.71E-13;2;0.084931507;2.51673E-11;2.51673E-11;2.51673E-11
PFC-41-12;n-C5F12;4100;years;0.41;1.58E-10;6350;7.84E-10;8550;4100;1.93153E-11;1.93561E-11;1.93357E-11
PFC-51-14;n-C6F14;3100;years;0.44;1.47E-10;5890;7.26E-10;7910;3100;1.67585E-11;1.67676E-11;1.6763E-11
PFC-61-16;n-C7F16;3000;years;0.5;1.45E-10;5830;7.17E-10;7820;3000;1.45484E-11;1.45803E-11;1.45644E-11
PFC-71-18;C8F18;3000;years;0.55;1.42E-10;5680;6.99E-10;7620;3000;1.29522E-11;1.29221E-11;1.29371E-11
PFC-91-18;C10F18;2000;years;0.55;1.34E-10;5390;6.59E-10;7190;2000;1.22428E-11;1.22839E-11;1.22633E-11
Perfluorodecalin(cis);Z-C10F18;2000;years;0.56;1.35E-10;5430;6.64E-10;7240;2000;1.21139E-11;1.2156E-11;1.2135E-11
Perfluorodecalin(trans);E-C10F18;2000;years;0.48;1.18E-10;4720;5.77E-10;6290;2000;1.23532E-11;1.23239E-11;1.23385E-11
PFC-1114;CF2=CF2;1.1;days;0.002;2.68E-16;0;2.68E-16;0;0.003013699;4.44636E-11;4.44636E-11;4.44636E-11
PFC-1216;CF3CF=CF2;4.9;days;0.01;6.42E-15;0;6.42E-15;0;0.013424658;4.78224E-11;4.78224E-11;4.78224E-11
Perfluorobuta-1,3-diene;CF2=CFCF=CF2;1.1;days;0.003;3.29E-16;0;3.29E-16;0;0.003013699;3.63894E-11;3.63894E-11;3.63894E-11
Perfluorobut-1-ene;CF3CF2CF=CF2;6;days;0.02;8.38E-15;0;8.38E-15;0;0.016438356;2.54892E-11;2.54892E-11;2.54892E-11
Perfluorobut-2-ene;CF3CF=CFCF3;31;days;0.07;1.62E-13;6;1.62E-13;2;0.084931507;2.72488E-11;2.72488E-11;2.72488E-11
Halogenated alcohols and ethers;;;;;;;;;;;;
HFE-125;CHF2OCF3;119;years;0.41;3.1E-10;12400;1.14E-09;12400;119;4.10707E-11;4.11049E-11;4.10878E-11
HFE-134 (HG-00);CHF2OCHF2;24.4;years;0.44;2.9E-10;11600;5.1E-10;5560;24.4;4.82852E-11;4.83056E-11;4.82954E-11
HFE-143a;CH3OCF3;4.8;years;0.18;4.72E-11;1890;4.8E-11;523;4.8;5.54899E-11;5.55556E-11;5.55227E-11
HFE-227ea;CF3CHFOCF3;51.6;years;0.44;2.22E-10;8900;5.92E-10;6450;51.6;3.04313E-11;3.04609E-11;3.04461E-11
HCFE-235ca2(enflurane);CHF2OCF2CHFCl;4.3;years;0.41;5.3E-11;2120;5.35E-11;583;4.3;3.03523E-11;3.0346E-11;3.03491E-11
HCFE-235da2(isoflurane);CHF2OCHClCF3;3.5;years;0.42;4.49E-11;1800;4.5E-11;491;3.5;3.06453E-11;3.06122E-11;3.06288E-11
HFE-236ca;CHF2OCF2CHF2;20.8;years;0.56;2.42E-10;9710;3.89E-10;4240;20.8;3.36348E-11;3.36713E-11;3.36531E-11
HFE-236ea2(desflurane);CHF2OCHFCF3;10.8;years;0.45;1.39E-10;5550;1.64E-10;1790;10.8;3.39253E-11;3.37481E-11;3.38367E-11
HFE-236fa;CF3CH2OCF3;7.5;years;0.36;8.35E-11;3350;8.98E-11;979;7.5;3.32352E-11;3.32593E-11;3.32473E-11
HFE-245cb2;CF3CF2OCH3;4.9;years;0.33;5.9E-11;2360;6E-11;654;4.9;3.71138E-11;3.71058E-11;3.71098E-11
HFE-245fa1;CHF2CH2OCF3;6.6;years;0.31;7.22E-11;2900;7.59E-11;828;6.6;3.70793E-11;3.70968E-11;3.70881E-11
HFE-245fa2;CHF2OCH2CF3;5.5;years;0.36;7.25E-11;2910;7.45E-11;812;5.5;3.7607E-11;3.76263E-11;3.76166E-11
2,2,3,3,3-Pentafluoropropan-1-ol;CF3CF2CH2OH;0.3;years;0.14;1.72E-12;69;1.72E-12;19;0.3;4.09524E-11;4.09524E-11;4.09524E-11
HFE-254cb1;CH3OCF2CHF2;2.5;years;0.26;2.76E-11;1110;2.76E-11;301;2.5;4.24758E-11;4.24615E-11;4.24687E-11
HFE-263fb2;CF3CH2OCH3;23;days;0.04;1.22E-13;5;1.22E-13;1;0.063013699;4.84022E-11;4.84022E-11;4.84022E-11
HFE-263m1;CF3OCH2CH3;0.4;years;0.13;2.7E-12;108;2.7E-12;29;0.4;5.19231E-11;5.19231E-11;5.19231E-11
3,3,3-Trifluoropropan-1-ol;CF3CH2CH2OH;12;days;0.02;3.57E-14;1;3.57E-14;0;0.032876712;5.42938E-11;5.42938E-11;5.42938E-11
HFE-329mcc2;CHF2CF2OCF2CF3;22.5;years;0.53;1.68E-10;6720;2.81E-10;3070;22.5;2.39232E-11;2.3844E-11;2.38836E-11
HFE-338mmz1;(CF3)2CHOCHF2;21.2;years;0.44;1.48E-10;5940;2.4E-10;2620;21.2;2.59805E-11;2.59611E-11;2.59708E-11
HFE-338mcf2;CF3CH2OCF2CF3;7.5;years;0.44;7.93E-11;3180;8.52E-11;929;7.5;2.58247E-11;2.58182E-11;2.58215E-11
Sevoflurane (HFE-347mmz1);(CF3)2CHOCH2F;2.2;years;0.32;1.98E-11;795;1.98E-11;216;2.2;2.81282E-11;2.8125E-11;2.81266E-11
HFE-347mcc3 (HFE-7000);CH3OCF2CF2CF3;5;years;0.35;4.78E-11;1910;4.86E-11;530;5;2.78239E-11;2.77714E-11;2.77977E-11
HFE-347mcf2;CHF2CH2OCF2CF3;6.6;years;0.42;7.45E-11;2990;7.83E-11;854;6.6;2.82399E-11;2.82468E-11;2.82433E-11
HFE-347pcf2;CHF2CF2OCH2CF3;6;years;0.48;7.86E-11;3150;8.15E-11;889;6;2.83013E-11;2.82986E-11;2.82999E-11
HFE-347mmy1;(CF3)2CFOCH3;3.7;years;0.32;3.32E-11;1330;3.33E-11;363;3.7;2.81671E-11;2.8125E-11;2.8146E-11
HFE-356mec3;CH3OCF2CHFCF3;3.8;years;0.3;3.53E-11;1410;3.55E-11;387;3.8;3.11261E-11;3.11404E-11;3.11332E-11
HFE-356mff2;CF3CH2OCH2CF3;105;days;0.17;1.54E-12;62;1.54E-12;17;0.287671233;3.14902E-11;3.14902E-11;3.14902E-11
HFE-356pcf2;CHF2CH2OCF2CHF2;5.7;years;0.37;6.4E-11;2560;6.59E-11;719;5.7;3.12825E-11;3.1247E-11;3.12648E-11
HFE-356pcf3;CHF2OCH2CF2CHF2;3.5;years;0.38;4.08E-11;1640;4.09E-11;446;3.5;3.07782E-11;3.07519E-11;3.0765E-11
HFE-356pcc3;CH3OCF2CF2CHF2;3.8;years;0.32;3.77E-11;1510;3.79E-11;413;3.8;3.11647E-11;3.11678E-11;3.11662E-11
HFE-356mmz1;(CF3)2CHOCH3;97.1;days;0.15;1.25E-12;50;1.25E-12;14;0.266027397;3.13251E-11;3.13251E-11;3.13251E-11
HFE-365mcf3;CF3CF2CH2OCH3;19.3;days;0.05;8.51E-14;3;8.51E-14;1;0.052876712;3.21881E-11;3.21881E-11;3.21881E-11
HFE-365mcf2;CF3CF2OCH2CH3;0.6;years;0.26;5.35E-12;215;5.35E-12;58;0.6;3.42949E-11;3.42949E-11;3.42949E-11
HFE-374pc2;CHF2CF2OCH2CH3;5;years;0.3;5.65E-11;2260;5.75E-11;627;5;3.83694E-11;3.83333E-11;3.83514E-11
4,4,4-Trifluorobutan-1-ol;CF3(CH2)2CH2OH;4;days;0.01;1.73E-15;0;1.73E-15;0;0.010958904;1.57863E-11;1.57863E-11;1.57863E-11
2,2,3,3,4,4,5,5-Octafluorocyclopentanol;(CF2)4CH(OH);0.3;years;0.16;1.18E-12;47;1.18E-12;13;0.3;2.45833E-11;2.45833E-11;2.45833E-11
HFE-43-10pccc124(H-Galden 1040x,HG-11);CHF2OCF2OC2F4OCHF2;13.5;years;1.02;2E-10;8010;2.58E-10;2820;13.5;1.87969E-11;1.87478E-11;1.87723E-11
HFE-449s1 (HFE-7100);C4F9OCH3;4.7;years;0.36;3.8E-11;1530;3.86E-11;421;4.7;2.27819E-11;2.28132E-11;2.27976E-11
n-HFE-7100;n-C4F9OCH3;4.7;years;0.42;4.39E-11;1760;4.45E-11;486;4.7;2.25592E-11;2.25431E-11;2.25511E-11
i-HFE-7100;i-C4F9OCH3;4.7;years;0.35;3.68E-11;1480;3.73E-11;407;4.7;2.26928E-11;2.26748E-11;2.26838E-11
HFE-569sf2 (HFE-7200);C4F9OC2H5;0.8;years;0.3;5.21E-12;209;5.21E-12;57;0.8;2.17083E-11;2.17083E-11;2.17083E-11
n-HFE-7200;n-C4F9OC2H5;0.8;years;0.35;5.92E-12;237;5.92E-12;65;0.8;2.11429E-11;2.11429E-11;2.11429E-11
i-HFE-7200;i-C4F9OC2H5;0.8;years;0.24;4.06E-12;163;4.06E-12;44;0.8;2.11458E-11;2.11458E-11;2.11458E-11
HFE-236ca12 (HG-10);CHF2OCF2OCHF2;25;years;0.65;2.75E-10;11000;4.91E-10;5350;25;3.07317E-11;3.07791E-11;3.07554E-11
HFE-338pcc13 (HG-01);CHF2OCF2CF2OCHF2;12.9;years;0.86;2.1E-10;8430;2.67E-10;2910;12.9;2.40268E-11;2.40774E-11;2.40521E-11
1,1,1,3,3,3-Hexafluoropropan-2-ol;(CF3)2CHOH;1.9;years;0.26;1.67E-11;668;1.67E-11;182;1.9;3.38066E-11;3.38057E-11;3.38061E-11
HG-02;HF2C?(OCF2CF2)2?OCF2H;12.9;years;1.24;1.97E-10;7900;2.5E-10;2730;12.9;1.56322E-11;1.56356E-11;1.56339E-11
HG-03;HF2C?(OCF2CF2)3?OCF2H;12.9;years;1.76;2.06E-10;8270;2.62E-10;2850;12.9;1.15168E-11;1.15448E-11;1.15308E-11
HG-20;HF2C?(OCF2)2?OCF2H;25;years;0.92;2.73E-10;10900;4.86E-10;5300;25;2.15547E-11;2.15247E-11;2.15397E-11
HG-21;HF2C?OCF2CF2OCF2OCF2O?CF2H;13.5;years;1.71;2.76E-10;11100;3.57E-10;3890;13.5;1.54728E-11;1.5474E-11;1.54734E-11
HG-30;HF2C?(OCF2)3?OCF2H;25;years;1.65;3.77E-10;15100;6.73E-10;7330;25;1.65968E-11;1.66195E-11;1.66082E-11
1-Ethoxy-1,1,2,2,3,3,3-heptafluoropropane;CF3CF2CF2OCH2CH3;0.8;years;0.28;5.56E-12;223;5.56E-12;61;0.8;2.48214E-11;2.48214E-11;2.48214E-11
Fluoroxene;CF3CH2OCH=CH2;3.6;days;0.01;4.97E-15;0;4.97E-15;0;0.009863014;5.03903E-11;5.03903E-11;5.03903E-11
1,1,2,2-Tetrafluoro-1-(fluoromethoxy)ethane;CH2FOCF2CF2H;6.2;years;0.34;7.68E-11;3080;7.99E-11;871;6.2;3.79397E-11;3.79032E-11;3.79215E-11
2-Ethoxy-3,3,4,4,5-pentafluorotetrahydro-2,5-bis[1,2,2,2-tetrafluoro-1-(trifluoromethyl)ethyl]-furan;C12H5F19O2;1;years;0.49;5.09E-12;204;5.09E-12;56;1;1.03878E-11;1.03878E-11;1.03878E-11
Fluoro(methoxy)methane;CH3OCH2F;73;days;0.07;1.15E-12;46;1.15E-12;13;0.2;8.21429E-11;8.21429E-11;8.21429E-11
Difluoro(methoxy)methane;CH3OCHF2;1.1;years;0.17;1.32E-11;528;1.32E-11;144;1.1;7.05882E-11;7.05882E-11;7.05882E-11
Fluoro(fluoromethoxy)methane;CH2FOCH2F;0.9;years;0.19;1.2E-11;479;1.2E-11;130;0.9;7.01754E-11;7.01754E-11;7.01754E-11
Difluoro(fluoromethoxy)methane;CH2FOCHF2;3.3;years;0.3;5.65E-11;2260;5.66E-11;617;3.3;5.72042E-11;5.71717E-11;5.71879E-11
Trifluoro(fluoromethoxy)methane;CH2FOCF3;4.4;years;0.33;6.82E-11;2730;6.89E-11;751;4.4;4.74736E-11;4.74518E-11;4.74627E-11
HG'-01;CH3OCF2CF2OCH3;2;years;0.29;2.03E-11;815;2.03E-11;222;2;3.50016E-11;3.5E-11;3.50008E-11
HG'-02;CH3O(CF2CF2O)2CH3;2;years;0.56;2.16E-11;868;2.16E-11;236;2;1.92866E-11;1.92857E-11;1.92862E-11
HG'-03;CH3O(CF2CF2O)3CH3;2;years;0.76;2.03E-11;812;2.03E-11;221;2;1.33559E-11;1.33553E-11;1.33556E-11
HFE-329me3;CF3CFHCF2OCF3;40;years;0.48;1.79E-10;7170;4.17E-10;4550;40;2.36941E-11;2.3661E-11;2.36775E-11
3,3,4,4,5,5,6,6,7,7,7-Undecafluoroheptan-1-ol;CF3(CF2)4CH2CH2OH;20;days;0.06;3.91E-14;2;3.91E-14;0;0.054794521;1.18929E-11;1.18929E-11;1.18929E-11
3,3,4,4,5,5,6,6,7,7,8,8,9,9,9-Pentadecafluorononan-1-ol;CF3(CF2)6CH2CH2OH;20;days;0.07;3E-14;1;3E-14;0;0.054794521;7.82143E-12;7.82143E-12;7.82143E-12
3,3,4,4,5,5,6,6,7,7,8,8,9,9,10,10,11,11,11-Nonadecafluoroundecan-1-ol;CF3(CF2)8CH2CH2OH;20;days;0.05;1.72E-14;1;1.72E-14;0;0.054794521;6.278E-12;6.278E-12;6.278E-12
2-Chloro-1,1,2-trifluoro-1-methoxyethane;CH3OCF2CHFCl;1.4;years;0.21;1.12E-11;449;1.12E-11;122;1.4;3.80953E-11;3.80952E-11;3.80952E-11
PFPMIE(perfluoropolymethylisopropyl ether);CF3OCF(CF3)CF2OCF2OCF3;800;years;0.65;1.87E-10;7500;8.9E-10;9710;800;1.45652E-11;1.45659E-11;1.45655E-11
HFE-216;CF3OCF=CF2;8.4;days;0.02;1.92E-14;1;1.92E-14;0;0.023013699;4.17143E-11;4.17143E-11;4.17143E-11
Trifluoromethylformate;HCOOCF3;3.5;years;0.31;5.37E-11;2150;5.39E-11;588;3.5;4.96569E-11;4.96774E-11;4.96672E-11
Perfluoroethylformate;HCOOCF2CF3;3.5;years;0.44;5.3E-11;2130;5.32E-11;580;3.5;3.45295E-11;3.45455E-11;3.45375E-11
Perfluoropropylformate;HCOOCF2CF2CF3;2.6;years;0.5;3.45E-11;1380;3.45E-11;376;2.6;2.65506E-11;2.65385E-11;2.65445E-11
Perfluorobutylformate;HCOOCF2CF2CF2CF3;3;years;0.56;3.59E-11;1440;3.59E-11;392;3;2.13963E-11;2.1369E-11;2.13827E-11
2,2,2-Trifluoroethylformate;HCOOCH2CF3;0.4;years;0.16;3.07E-12;123;3.07E-12;33;0.4;4.79688E-11;4.79688E-11;4.79688E-11
3,3,3-Trifluoropropylformate;HCOOCH2CH2CF3;0.3;years;0.13;1.6E-12;64;1.6E-12;17;0.3;4.10256E-11;4.10256E-11;4.10256E-11
1,2,2,2-Tetrafluoroethylformate;HCOOCHFCF3;3.2;years;0.35;4.3E-11;1720;4.31E-11;470;3.2;3.84671E-11;3.84821E-11;3.84746E-11
1,1,1,3,3,3-Hexafluoropropan-2-ylformate;HCOOCH(CF3)2;3.2;years;0.33;3.05E-11;1220;3.05E-11;333;3.2;2.89384E-11;2.88826E-11;2.89105E-11
Perfluorobutylacetate;CH3COOCF2CF2CF2CF3;21.9;days;0.12;1.52E-13;6;1.52E-13;2;0.06;2.11111E-11;2.11111E-11;2.11111E-11
Perfluoropropylacetate;CH3COOCF2CF2CF3;21.9;days;0.11;1.59E-13;6;1.59E-13;2;0.06;2.40909E-11;2.40909E-11;2.40909E-11
Perfluoroethylacetate;CH3COOCF2CF3;21.9;days;0.1;1.89E-13;8;1.89E-13;2;0.06;3.15E-11;3.15E-11;3.15E-11
Trifluoromethylacetate;CH3COOCF3;21.9;days;0.07;1.9E-13;8;1.9E-13;2;0.06;4.52381E-11;4.52381E-11;4.52381E-11
Methylcarbonofluoridate;FCOOCH3;1.8;years;0.07;8.74E-12;350;8.74E-12;95;1.8;6.93661E-11;6.93651E-11;6.93656E-11
1,1-Difluoroethylcarbonofluoridate;FCOOCF2CH3;0.3;years;0.17;2.46E-12;99;2.46E-12;27;0.3;4.82353E-11;4.82353E-11;4.82353E-11
1,1-Difluoroethyl2,2,2-trifluoroacetate;CF3COOCF2CH3;0.3;years;0.27;2.83E-12;113;2.83E-12;31;0.3;3.49383E-11;3.49383E-11;3.49383E-11
Ethyl 2,2,2-trifluoroacetate;CF3COOCH2CH3;21.9;days;0.05;1.26E-13;5;1.26E-13;1;0.06;4.2E-11;4.2E-11;4.2E-11
2,2,2-Trifluoroethyl2,2,2-trifluoroacetate;CF3COOCH2CF3;54.8;days;0.15;6.27E-13;25;6.27E-13;7;0.150136986;2.78412E-11;2.78412E-11;2.78412E-11
Methyl 2,2,2-trifluoroacetate;CF3COOCH3;0.6;years;0.18;4.8E-12;192;4.8E-12;52;0.6;4.44444E-11;4.44444E-11;4.44444E-11
Methyl 2,2-difluoroacetate;HCF2COOCH3;40.1;days;0.05;3E-13;12;3E-13;3;0.109863014;5.46135E-11;5.46135E-11;5.46135E-11
Difluoromethyl 2,2,2-trifluoroacetate;CF3COOCHF2;0.3;years;0.24;2.48E-12;99;2.48E-12;27;0.3;3.44444E-11;3.44444E-11;3.44444E-11
2,2,3,3,4,4,4-Heptafluorobutan-1-ol;C3F7CH2OH;0.6;years;0.2;3.1E-12;124;3.1E-12;34;0.6;2.58333E-11;2.58333E-11;2.58333E-11
1,1,2-Trifluoro-2-(trifluoromethoxy)-ethane;CHF2CHFOCF3;9.8;years;0.35;9.91E-11;3970;1.14E-10;1240;9.8;3.32064E-11;3.32374E-11;3.32219E-11
1-Ethoxy-1,1,2,3,3,3-hexafluoropropane;CF3CHFCF2OCH2CH3;0.4;years;0.19;2.14E-12;86;2.14E-12;23;0.4;2.81579E-11;2.81579E-11;2.81579E-11
1,1,1,2,2,3,3-Heptafluoro-3-(1,2,2,2-tetrafluoroethoxy)-propane;CF3CF2CF2OCHFCF3;67;years;0.58;1.98E-10;7940;5.95E-10;6490;67;1.97431E-11;1.97516E-11;1.97473E-11
2,2,3,3-Tetrafluoro-1-propanol;CHF2CF2CH2OH;91.2;days;0.11;1.19E-12;48;1.19E-12;13;0.249863014;4.32965E-11;4.32965E-11;4.32965E-11
2,2,3,4,4,4-Hexafluoro-1-butanol;CF3CHFCF2CH2OH;94.9;days;0.19;1.56E-12;63;1.56E-12;17;0.26;3.15789E-11;3.15789E-11;3.15789E-11
2,2,3,3,4,4,4-Heptafluoro-1-butanol;CF3CF2CF2CH2OH;0.3;years;0.16;1.49E-12;60;1.49E-12;16;0.3;3.10417E-11;3.10417E-11;3.10417E-11
1,1,2,2-Tetrafluoro-3-methoxy-propane;CHF2CF2CH2OCH3;14.2;days;0.03;4.82E-14;2;4.82E-14;1;0.03890411;4.12981E-11;4.12981E-11;4.12981E-11
perfluoro-2-methyl-3-pentanone;CF3CF2C(O)CF(CF3)2;7;days;0.03;9.14E-15;0;9.14E-15;0;0.019178082;1.58862E-11;1.58862E-11;1.58862E-11
3,3,3-Trifluoropropanal;CF3CH2CHO;2;days;0.004;9.86E-16;0;9.86E-16;0;0.005479452;4.49863E-11;4.49863E-11;4.49863E-11
2-Fluoroethanol;CH2FCH2OH;20.4;days;0.02;8.07E-14;3;8.07E-14;1;0.055890411;7.21949E-11;7.21949E-11;7.21949E-11
2,2-Difluoroethanol;CHF2CH2OH;40;days;0.04;2.78E-13;11;2.78E-13;3;0.109589041;6.34188E-11;6.34188E-11;6.34188E-11
2,2,2-Trifluoroethanol;CF3CH2OH;0.3;years;0.1;1.83E-12;73;1.83E-12;20;0.3;6.1E-11;6.1E-11;6.1E-11
1,1'-Oxybis[2-(difluoromethoxy)-1,1,2,2-tetrafluoroethane;HCF2O(CF2CF2O)2CF2H;26;years;1.15;2.47E-10;9910;4.51E-10;4920;26;1.5394E-11;1.54129E-11;1.54034E-11
1,1,3,3,4,4,6,6,7,7,9,9,10,10,12,12-hexadecafluoro-2,5,8,11-Tetraoxadodecane;HCF2O(CF2CF2O)3CF2H;26;years;1.43;2.26E-10;9050;4.12E-10;4490;26;1.13272E-11;1.13231E-11;1.13252E-11
1,1,3,3,4,4,6,6,7,7,9,9,10,10,12,12,13,13,15,15-eicosafluoro-2,5,8,11,14-Pentaoxapentadecane;HCF2O(CF2CF2O)4CF2H;26;years;1.46;1.83E-10;7320;3.33E-10;3630;26;8.98358E-12;8.96388E-12;8.97373E-12
